{
  "token_acc": 0.9968038482,
  "token_p": 0.9727525387,
  "token_r": 0.9831462495,
  "token_f": 0.9779217779,
  "pos_acc": 0.9882061909,
  "morph_acc": 0.972948348,
  "morph_micro_p": 0.9887788671,
  "morph_micro_r": 0.9817244058,
  "morph_micro_f": 0.9852390089,
  "morph_per_feat": {
    "Animacy": {
      "p": 0.9891058582,
      "r": 0.9791291204,
      "f": 0.9840922039
    },
    "Case": {
      "p": 0.9780733285,
      "r": 0.9713737477,
      "f": 0.9747120261
    },
    "Gender": {
      "p": 0.9878032525,
      "r": 0.981371532,
      "f": 0.9845768886
    },
    "Number": {
      "p": 0.9957918681,
      "r": 0.9894338343,
      "f": 0.9926026698
    },
    "Degree": {
      "p": 0.9841188525,
      "r": 0.9861396304,
      "f": 0.9851282051
    },
    "Aspect": {
      "p": 0.9848772978,
      "r": 0.9776179775,
      "f": 0.9812342115
    },
    "Mood": {
      "p": 0.9986343886,
      "r": 0.9972725019,
      "f": 0.9979529806
    },
    "Tense": {
      "p": 0.9914043082,
      "r": 0.9832580115,
      "f": 0.9873143564
    },
    "VerbForm": {
      "p": 0.9953816898,
      "r": 0.9880449438,
      "f": 0.9916997474
    },
    "Voice": {
      "p": 0.9898578285,
      "r": 0.9825617978,
      "f": 0.986196319
    },
    "StyleVariant": {
      "p": 0.9911417323,
      "r": 0.9930966469,
      "f": 0.9921182266
    },
    "Polarity": {
      "p": 1.0,
      "r": 1.0,
      "f": 1.0
    },
    "Person": {
      "p": 0.9993192648,
      "r": 0.9934581547,
      "f": 0.9963800905
    },
    "Foreign": {
      "p": 0.9709583737,
      "r": 0.8676470588,
      "f": 0.9164001827
    },
    "Hyph": {
      "p": 0.0,
      "r": 0.0,
      "f": 0.0
    }
  },
  "sents_p": 0.9986679353,
  "sents_r": 0.99847793,
  "sents_f": 0.9985729236,
  "dep_uas": 0.9595456565,
  "dep_las": 0.9474984155,
  "dep_las_per_type": {
    "case": {
      "p": 0.9915126367,
      "r": 0.9878793573,
      "f": 0.9896926625
    },
    "parataxis": {
      "p": 0.8791357191,
      "r": 0.8421733506,
      "f": 0.8602576809
    },
    "nmod": {
      "p": 0.9247812325,
      "r": 0.9226339742,
      "f": 0.9237063555
    },
    "advmod": {
      "p": 0.9616306954,
      "r": 0.9486312944,
      "f": 0.9550867642
    },
    "obl": {
      "p": 0.9385497747,
      "r": 0.9301664637,
      "f": 0.9343393148
    },
    "amod": {
      "p": 0.9875070982,
      "r": 0.9835972851,
      "f": 0.985548314
    },
    "nsubj": {
      "p": 0.9686460808,
      "r": 0.9658929417,
      "f": 0.9672675522
    },
    "root": {
      "p": 0.9891387195,
      "r": 0.9876331811,
      "f": 0.988385377
    },
    "xcomp": {
      "p": 0.9539622642,
      "r": 0.9604863222,
      "f": 0.9572131768
    },
    "conj": {
      "p": 0.8889264011,
      "r": 0.9035689774,
      "f": 0.8961878829
    },
    "cc": {
      "p": 0.9695264885,
      "r": 0.9672591207,
      "f": 0.9683914774
    },
    "fixed": {
      "p": 0.987244898,
      "r": 0.9847328244,
      "f": 0.9859872611
    },
    "mark": {
      "p": 0.9660574413,
      "r": 0.9660574413,
      "f": 0.9660574413
    },
    "ccomp": {
      "p": 0.976016684,
      "r": 0.9790794979,
      "f": 0.9775456919
    },
    "nummod:gov": {
      "p": 0.9704016913,
      "r": 0.95625,
      "f": 0.963273872
    },
    "nummod": {
      "p": 0.9653078925,
      "r": 0.9448217317,
      "f": 0.954954955
    },
    "obj": {
      "p": 0.9662273476,
      "r": 0.9614754098,
      "f": 0.9638455218
    },
    "det": {
      "p": 0.9595959596,
      "r": 0.960982659,
      "f": 0.9602888087
    },
    "appos": {
      "p": 0.8813799622,
      "r": 0.8011168385,
      "f": 0.8393339334
    },
    "aux": {
      "p": 0.9433962264,
      "r": 0.9523809524,
      "f": 0.9478672986
    },
    "flat": {
      "p": 0.9952606635,
      "r": 0.9567198178,
      "f": 0.9756097561
    },
    "flat:name": {
      "p": 0.966873706,
      "r": 0.9648760331,
      "f": 0.9658738366
    },
    "iobj": {
      "p": 0.9123783032,
      "r": 0.824120603,
      "f": 0.8660066007
    },
    "acl": {
      "p": 0.9166666667,
      "r": 0.8651685393,
      "f": 0.8901734104
    },
    "obl:agent": {
      "p": 0.7215189873,
      "r": 0.75,
      "f": 0.735483871
    },
    "advcl": {
      "p": 0.8716216216,
      "r": 0.8835616438,
      "f": 0.8775510204
    },
    "cop": {
      "p": 0.9178082192,
      "r": 0.9305555556,
      "f": 0.924137931
    },
    "flat:foreign": {
      "p": 0.9625668449,
      "r": 0.8181818182,
      "f": 0.8845208845
    },
    "aux:pass": {
      "p": 0.9942028986,
      "r": 0.9828080229,
      "f": 0.9884726225
    },
    "nsubj:pass": {
      "p": 0.9448476052,
      "r": 0.9503649635,
      "f": 0.9475982533
    },
    "acl:relcl": {
      "p": 0.8008385744,
      "r": 0.7843942505,
      "f": 0.7925311203
    },
    "orphan": {
      "p": 0.7352941176,
      "r": 0.6944444444,
      "f": 0.7142857143
    },
    "discourse": {
      "p": 0.8219178082,
      "r": 0.9230769231,
      "f": 0.8695652174
    },
    "csubj": {
      "p": 0.9710144928,
      "r": 0.9436619718,
      "f": 0.9571428571
    },
    "expl": {
      "p": 0.8333333333,
      "r": 0.7894736842,
      "f": 0.8108108108
    },
    "compound": {
      "p": 1.0,
      "r": 0.5,
      "f": 0.6666666667
    },
    "csubj:pass": {
      "p": 0.8333333333,
      "r": 0.9090909091,
      "f": 0.8695652174
    },
    "nummod:entity": {
      "p": 1.0,
      "r": 0.75,
      "f": 0.8571428571
    },
    "list": {
      "p": 0.0,
      "r": 0.0,
      "f": 0.0
    },
    "dep": {
      "p": 0.0,
      "r": 0.0,
      "f": 0.0
    }
  },
  "tag_acc": 0.9882061909,
  "lemma_acc": 2.15295e-05,
  "ents_p": 0.9438296445,
  "ents_r": 0.9474835886,
  "ents_f": 0.9456530869,
  "ents_per_type": {
    "PER": {
      "p": 0.9598870056,
      "r": 0.9539584503,
      "f": 0.9569135455
    },
    "LOC": {
      "p": 0.9717247879,
      "r": 0.9740198394,
      "f": 0.9728709601
    },
    "ORG": {
      "p": 0.9015444015,
      "r": 0.9143416544,
      "f": 0.9078979344
    }
  },
  "speed": 1895.0455765358
}